Ref,Val,Package,PosX,PosY,Rot,Side
"C1","22nF","C_0805_2012Metric_Pad1.18x1.45mm_HandSolder",122.428000,-94.488000,0.000000,bottom
"C2","10pF","C_0805_2012Metric_Pad1.18x1.45mm_HandSolder",142.240000,-106.426000,180.000000,bottom
"C3","10pF","C_0805_2012Metric_Pad1.18x1.45mm_HandSolder",142.240000,-111.252000,180.000000,bottom
"C4","1nF","C_0805_2012Metric_Pad1.18x1.45mm_HandSolder",161.290000,-131.826000,0.000000,bottom
"C5","10nF","C_0805_2012Metric_Pad1.18x1.45mm_HandSolder",167.132000,-121.666000,180.000000,bottom
"C6","47nF","C_0805_2012Metric_Pad1.18x1.45mm_HandSolder",168.148000,-135.382000,90.000000,bottom
"C7","100nF","C_0805_2012Metric_Pad1.18x1.45mm_HandSolder",147.066000,-123.190000,90.000000,bottom
"C8","100nF","C_0805_2012Metric_Pad1.18x1.45mm_HandSolder",129.794000,-90.932000,-90.000000,bottom
"C9","100nF","C_0805_2012Metric_Pad1.18x1.45mm_HandSolder",168.148000,-109.220000,-90.000000,bottom
"C10","100nF","C_0805_2012Metric_Pad1.18x1.45mm_HandSolder",137.414000,-116.078000,90.000000,bottom
"C11","100nF","C_0805_2012Metric_Pad1.18x1.45mm_HandSolder",138.176000,-91.440000,180.000000,bottom
"C12","100nF","C_0805_2012Metric_Pad1.18x1.45mm_HandSolder",150.114000,-86.106000,90.000000,bottom
"D1","1N4148","D_1206_3216Metric_Pad1.42x1.75mm_HandSolder",126.746000,-133.096000,-90.000000,bottom
"D2","1N4148","D_1206_3216Metric_Pad1.42x1.75mm_HandSolder",122.682000,-133.096000,-90.000000,bottom
"R1","1K5","R_0805_2012Metric_Pad1.20x1.40mm_HandSolder",122.428000,-90.170000,0.000000,bottom
"R2","10K","R_0805_2012Metric_Pad1.20x1.40mm_HandSolder",122.428000,-86.106000,180.000000,bottom
"R3","10K","R_0805_2012Metric_Pad1.20x1.40mm_HandSolder",152.162000,-116.586000,180.000000,bottom
"R4","1M","R_0805_2012Metric_Pad1.20x1.40mm_HandSolder",152.908000,-109.220000,90.000000,bottom
"R5","1K5","R_0805_2012Metric_Pad1.20x1.40mm_HandSolder",160.274000,-135.366000,90.000000,bottom
"R6","68K","R_0805_2012Metric_Pad1.20x1.40mm_HandSolder",167.132000,-129.286000,180.000000,bottom
"R7","33K","R_0805_2012Metric_Pad1.20x1.40mm_HandSolder",167.132000,-126.746000,180.000000,bottom
"R8","6K8","R_0805_2012Metric_Pad1.20x1.40mm_HandSolder",167.132000,-124.206000,180.000000,bottom
"R9","680R","R_0805_2012Metric_Pad1.20x1.40mm_HandSolder",126.000000,-102.870000,180.000000,bottom
"R10","680R","R_0805_2012Metric_Pad1.20x1.40mm_HandSolder",126.000000,-106.426000,180.000000,bottom
"R11","680R","R_0805_2012Metric_Pad1.20x1.40mm_HandSolder",126.000000,-109.728000,180.000000,bottom
"R12","680R","R_0805_2012Metric_Pad1.20x1.40mm_HandSolder",125.984000,-113.030000,180.000000,bottom
"R13","680R","R_0805_2012Metric_Pad1.20x1.40mm_HandSolder",126.000000,-116.586000,180.000000,bottom
"R14","1K","R_0805_2012Metric_Pad1.20x1.40mm_HandSolder",113.030000,-87.630000,90.000000,bottom
"R15","10K","R_0805_2012Metric_Pad1.20x1.40mm_HandSolder",157.734000,-84.074000,-90.000000,bottom
"R16","10K","R_0805_2012Metric_Pad1.20x1.40mm_HandSolder",160.274000,-84.058000,-90.000000,bottom
"R17","10K","R_0805_2012Metric_Pad1.20x1.40mm_HandSolder",162.814000,-84.074000,-90.000000,bottom
"R18","10K","R_0805_2012Metric_Pad1.20x1.40mm_HandSolder",165.354000,-84.074000,-90.000000,bottom
"R19","10K","R_0805_2012Metric_Pad1.20x1.40mm_HandSolder",167.894000,-84.058000,-90.000000,bottom
"R20","10K","R_0805_2012Metric_Pad1.20x1.40mm_HandSolder",170.434000,-84.074000,-90.000000,bottom
"R21","10K","R_0805_2012Metric_Pad1.20x1.40mm_HandSolder",172.974000,-84.058000,-90.000000,bottom
"U1","74HCT04","SOIC-14_3.9x8.7mm_P1.27mm",149.500000,-131.000000,180.000000,bottom
"U4","74HCT00","SOIC-14_3.9x8.7mm_P1.27mm",140.000000,-124.000000,180.000000,bottom
"U5","74HCT04","SOIC-14_3.9x8.7mm_P1.27mm",141.797000,-98.298000,180.000000,bottom
"U7","74HCT240","SOIC-20W_7.5x12.8mm_P1.27mm",165.000000,-96.000000,180.000000,bottom
"U8","74HCT32","SOIC-14_3.9x8.7mm_P1.27mm",152.589000,-93.846000,180.000000,bottom
"C13","100nF","C_0805_2012Metric_Pad1.18x1.45mm_HandSolder",165.100000,-91.440000,-90.000000,top
"D4","PWRLED","LED_D3.0mm",111.760000,-92.710000,0.000000,top
"J1","FDD_Connector","PinHeader_2x17_P2.54mm_Horizontal",106.934000,-76.962000,90.000000,top
"J2","Kempston","DSUB-9_Male_Horizontal_P2.77x2.84mm_EdgePinOffset4.94mm_Housed_MountingHolesOffset7.48mm",175.500000,-76.000000,180.000000,top
"J3","AB","PinHeader_1x03_P2.54mm_Vertical",139.954000,-87.376000,180.000000,top
"J4","BA","PinHeader_1x03_P2.54mm_Vertical",144.272000,-87.376000,180.000000,top
"SW1","READYEMU","SW_Slide_SPDT_Straight_CK_OS102011MS2Q",112.000000,-105.500000,90.000000,top
"SW3","SIDESEL","SW_Slide_SPDT_Straight_CK_OS102011MS2Q",112.000000,-118.500000,90.000000,top
"SW4","RESET","SW_PUSH_6mm",127.612000,-81.534000,0.000000,top
"SW5","JOY_ONOFF","SW_Slide_SPDT_Straight_CK_OS102011MS2Q",177.500000,-94.500000,90.000000,top
"SW6","PAUSE","SW_Slide_SPDT_Straight_CK_OS102011MS2Q",177.500000,-109.500000,90.000000,top
"U2","PD765A","DIP-40_W15.24mm_Socket",118.000000,-90.000000,0.000000,top
"U3","SED9420","DIP-24_W15.24mm_Socket",156.500000,-108.165500,0.000000,top
"U6","ZX_2A_B_EDGE","ZX_EDGE_SOLDER",142.000000,-141.000000,0.000000,top
"Y1","16Mhz","Crystal_HC18-U_Vertical",148.336000,-111.924000,90.000000,top
