Ref,Val,Package,PosX,PosY,Rot,Side
"C1","22nF","C_0805_2012Metric_Pad1.18x1.45mm_HandSolder",129.540000,-85.852000,0.000000,bottom
"C2","10pF","C_0805_2012Metric_Pad1.18x1.45mm_HandSolder",171.704000,-132.588000,-90.000000,bottom
"C3","10pF","C_0805_2012Metric_Pad1.18x1.45mm_HandSolder",172.212000,-125.476000,90.000000,bottom
"C4","1nF","C_0805_2012Metric_Pad1.18x1.45mm_HandSolder",154.940000,-135.636000,-90.000000,bottom
"C5","10nF","C_0805_2012Metric_Pad1.18x1.45mm_HandSolder",154.940000,-128.778000,0.000000,bottom
"C6","47nF","C_0805_2012Metric_Pad1.18x1.45mm_HandSolder",154.940000,-126.238000,0.000000,bottom
"C7","100nF","C_0805_2012Metric_Pad1.18x1.45mm_HandSolder",131.572000,-90.932000,0.000000,bottom
"C10","100nF","C_0805_2012Metric_Pad1.18x1.45mm_HandSolder",143.256000,-64.262000,90.000000,bottom
"C12","100nF","C_0805_2012Metric_Pad1.18x1.45mm_HandSolder",135.890000,-86.106000,180.000000,bottom
"C13","100nF","C_0805_2012Metric_Pad1.18x1.45mm_HandSolder",158.750000,-106.934000,-90.000000,bottom
"D1","1N4148","D_1206_3216Metric_Pad1.42x1.75mm_HandSolder",150.876000,-117.602000,90.000000,bottom
"D2","1N4148","D_1206_3216Metric_Pad1.42x1.75mm_HandSolder",120.904000,-130.556000,-90.000000,bottom
"R1","1K5","R_0805_2012Metric_Pad1.20x1.40mm_HandSolder",154.686000,-78.994000,0.000000,bottom
"R2","10K","R_0805_2012Metric_Pad1.20x1.40mm_HandSolder",168.402000,-116.078000,180.000000,bottom
"R3","10K","R_0805_2012Metric_Pad1.20x1.40mm_HandSolder",120.904000,-135.636000,-90.000000,bottom
"R4","1M","R_0805_2012Metric_Pad1.20x1.40mm_HandSolder",165.100000,-129.032000,-90.000000,bottom
"R5","1K5","R_0805_2012Metric_Pad1.20x1.40mm_HandSolder",157.734000,-135.636000,90.000000,bottom
"R6","68K","R_0805_2012Metric_Pad1.20x1.40mm_HandSolder",154.940000,-123.698000,180.000000,bottom
"R7","33K","R_0805_2012Metric_Pad1.20x1.40mm_HandSolder",152.400000,-135.636000,90.000000,bottom
"R8","6K8","R_0805_2012Metric_Pad1.20x1.40mm_HandSolder",154.940000,-131.318000,0.000000,bottom
"R9","680R","R_0805_2012Metric_Pad1.20x1.40mm_HandSolder",167.386000,-77.470000,-90.000000,bottom
"R10","680R","R_0805_2012Metric_Pad1.20x1.40mm_HandSolder",161.544000,-97.790000,90.000000,bottom
"R11","680R","R_0805_2012Metric_Pad1.20x1.40mm_HandSolder",169.926000,-77.470000,-90.000000,bottom
"R12","680R","R_0805_2012Metric_Pad1.20x1.40mm_HandSolder",169.164000,-107.442000,-90.000000,bottom
"R13","680R","R_0805_2012Metric_Pad1.20x1.40mm_HandSolder",149.352000,-100.076000,0.000000,bottom
"R14","1K","R_0805_2012Metric_Pad1.20x1.40mm_HandSolder",157.988000,-67.310000,90.000000,bottom
"R15","10K","R_0805_2012Metric_Pad1.20x1.40mm_HandSolder",125.984000,-66.548000,180.000000,bottom
"R16","10K","R_0805_2012Metric_Pad1.20x1.40mm_HandSolder",126.000000,-69.088000,180.000000,bottom
"R17","10K","R_0805_2012Metric_Pad1.20x1.40mm_HandSolder",125.984000,-71.628000,180.000000,bottom
"R18","10K","R_0805_2012Metric_Pad1.20x1.40mm_HandSolder",125.984000,-74.168000,180.000000,bottom
"R19","10K","R_0805_2012Metric_Pad1.20x1.40mm_HandSolder",126.000000,-76.708000,180.000000,bottom
"R20","10K","R_0805_2012Metric_Pad1.20x1.40mm_HandSolder",125.984000,-79.248000,180.000000,bottom
"R21","10K","R_0805_2012Metric_Pad1.20x1.40mm_HandSolder",126.000000,-81.788000,180.000000,bottom
"U1","74HCT04","SOIC-14_3.9x8.7mm_P1.27mm",162.000000,-76.500000,180.000000,bottom
"U4","74HCT00","SOIC-14_3.9x8.7mm_P1.27mm",149.606000,-91.440000,180.000000,bottom
"U5","74HCT04","SOIC-14_3.9x8.7mm_P1.27mm",164.000000,-90.000000,180.000000,bottom
"U7","74HCT240","SOIC-20W_7.5x12.8mm_P1.27mm",138.500000,-74.500000,0.000000,bottom
"U8","74HCT32","SOIC-14_3.9x8.7mm_P1.27mm",133.000000,-98.000000,180.000000,bottom
"C8","100nF","C_0805_2012Metric_Pad1.18x1.45mm_HandSolder",147.066000,-83.566000,90.000000,top
"C9","100nF","C_0805_2012Metric_Pad1.18x1.45mm_HandSolder",161.544000,-82.274500,90.000000,top
"C11","100nF","C_0805_2012Metric_Pad1.18x1.45mm_HandSolder",155.956000,-71.628000,90.000000,top
"D4","PWRLED","LED_D3.0mm",161.000000,-68.000000,0.000000,top
"J1","FDD_Connector","PinHeader_2x17_P2.54mm_Horizontal",173.000000,-65.000000,0.000000,top
"J2","Kempston","DSUB-9_Male_Horizontal_P2.77x2.84mm_EdgePinOffset4.94mm_Housed_MountingHolesOffset7.48mm",119.000000,-76.000000,-90.000000,top
"J3","AB","PinHeader_1x03_P2.54mm_Vertical",173.482000,-118.618000,180.000000,top
"J4","BA","PinHeader_1x03_P2.54mm_Vertical",177.292000,-118.618000,180.000000,top
"SW1","READYEMU","SW_Slide_SPDT_Straight_CK_OS102011MS2Q",177.546000,-127.286000,-90.000000,top
"SW3","SIDESEL","SW_Slide_SPDT_Straight_CK_OS102011MS2Q",111.760000,-130.746000,90.000000,top
"SW4","RESET","SW_PUSH_6mm",153.000000,-66.000000,-90.000000,top
"SW5","JOY_ONOFF","SW_Slide_SPDT_Straight_CK_OS102011MS2Q",111.760000,-105.600000,90.000000,top
"SW6","PAUSE","SW_Slide_SPDT_Straight_CK_OS102011MS2Q",111.760000,-118.114000,90.000000,top
"U2","PD765A","DIP-40_W15.24mm_Socket",125.000000,-86.000000,0.000000,top
"U3","SED9420","DIP-24_W15.24mm_Socket",147.000000,-106.000000,0.000000,top
"U6","ZX_2A_SOLDER","ZX_EDGE_SOLDER",142.000000,-141.000000,0.000000,top
"U9","ZX_2A_BACK","ZX_EDGE_BACK",144.700000,-49.500000,0.000000,top
"Y1","16Mhz","Crystal_HC18-U_Vertical",168.000000,-126.500000,-90.000000,top
